Sport1,League1,Sport2,League2,Sport3,League3
"Tennis","","Tennis","","Tennis","WTA 500"
"Soccer","El Salvador Primera Division","Soccer",""
"Soccer","","Soccer","UEFA Nations League B","Soccer","UEFA Nations League B"
"Soccer","","Soccer","UEFA Nations League B","Soccer","UEFA Nations League B"
"Soccer","El Salvador Primera Division","Soccer",""
"Soccer","Asian Games W","Soccer","","Soccer","Asian Games W"
"Soccer","Asian Games W","Soccer",""
"Soccer","","Soccer","El Salvador Primera Division"
"Tennis","","Tennis","","Tennis","WTA 500"
"Soccer","","Soccer","","Soccer","UEFA Nations League B"
"Counter-Strike","CS2","Counter-Strike",""
"Soccer","Mexico Liga de Expansion MX","Soccer",""
"Soccer","","Soccer","USA National Womens Soccer League"
"Tennis","WTA 125","Tennis",""
"Soccer","Uruguay Division 1","Soccer",""
"Soccer","","Soccer","Colombia Primera A"
"Soccer","Asian Games W","Soccer","","Soccer",""
"Soccer","El Salvador Primera Division","Soccer","","Soccer","El Salvador Primera Division"
"Soccer","","Soccer","Ecuador Serie A"
"Soccer","","Soccer","","Soccer","Ecuador Serie A"
"Soccer","Ecuador Serie A","Soccer",""
