Sport1,League1,LeagueRaw1,Sport2,League2,LeagueRaw2,Sport3,League3,LeagueRaw3
"Soccer","Korea K League 1 Women","Korea Rep Korea Republic WKLeague Women","Soccer","South Korea WK League","Korea Republic K League Women"
"Soccer","South Korea WK League","Korea Republic K League Women","Soccer","Korea K League 1 Women","Korea Rep Korea Republic WKLeague Women"
"Soccer","International Friendlies","International Matches","Soccer","CAF U20 AFCON Qualifiers","CAF Africa Cup of Nations U20 Qualifiers"
"Soccer","Peru League Cup","Peru League Cup","Soccer","Peru Copa de la Liga","Peruvian Copa de la Liga"
"Soccer","Peru Copa de la Liga","Peruvian Copa de la Liga","Soccer","Peru League Cup","Peru League Cup"
"Soccer","Peru Copa de la Liga","Peru Peruvian Copa de la Liga","Soccer","Peru League Cup","Peru League Cup"
"Soccer","Peru League Cup","Peru League Cup","Soccer","Peru Copa de la Liga","Peruvian Copa de la Liga","Soccer","Peru Copa de la Liga","Peruvian Copa de la Liga"
"Soccer","Uzbekistan Pro League","Uzbekistan Pro League","Soccer","Uzbekistan 1st Division","Uzbekistan Uzbekistan 1st Division","Soccer","Uzbekistan 1st Division","Uzbekistan Uzbekistan 1st Division"
"Soccer","Uzbekistan Pro League","Uzbekistan Pro League","Soccer","Uzbekistan 1st Division","Uzbekistan Uzbekistan 1st Division","Soccer","Uzbekistan 1st Division","Uzbekistan Uzbekistan 1st Division"
"Soccer","Uzbekistan 1st Division","Uzbekistan Uzbekistan 1st Division","Soccer","Uzbekistan Pro League","Uzbekistan Pro League","Soccer","Uzbekistan 1st Division","Uzbekistan Uzbekistan 1st Division"
"Soccer","Uzbekistan Pro League","Uzbekistan Pro League","Soccer","Uzbekistan 1st Division","Uzbekistan Uzbekistan 1st Division"
"Soccer","Uzbekistan 1st Division","Uzbekistan Uzbekistan 1st Division","Soccer","Uzbekistan 1st Division","Uzbekistan 1st Division","Soccer","Uzbekistan Pro League","Uzbekistan Pro League"
"Soccer","Sweden Allsvenskan","Sweden Sweden Allsvenskan","Soccer","Sweden Ettan","Swedish Division 1"
"Soccer","Uruguay Segunda Division","Uruguay Uruguay Segunda Division","Soccer","Uruguayan Segunda Division","Uruguay Segunda Division"
"Soccer","Norway Eliteserien","Norway Eliteserien","Soccer","Norway Division 1","Norwegian Division 1","Soccer","Norway Eliteserien","Norway Eliteserien"
"Soccer","Norway Eliteserien","Norway Eliteserien","Soccer","Norway Division 1","Norwegian Division 1"
"Soccer","Norway Division 1","Norwegian Division 1","Soccer","Norway Eliteserien","Norway Eliteserien","Soccer","Norway Eliteserien","Norway Eliteserien"
"Soccer","Uzbekistan Pro League","Uzbekistan Pro League","Soccer","Uzbekistan 1st Division","Uzbekistan Uzbekistan 1st Division"
"Soccer","Sweden Allsvenskan","Sweden Sweden Allsvenskan","Soccer","Sweden Ettan","Swedish Division 1"
"Soccer","Norway Division 1","Norwegian Division 1","Soccer","Norway Eliteserien","Norway Eliteserien","Soccer","Norway Eliteserien","Norway Eliteserien"
"Soccer","Norway Division 1","Norwegian Division 1","Soccer","Norway Eliteserien","Norway Eliteserien","Soccer","Norway Eliteserien","Norway Eliteserien"
"Soccer","Norway Division 1","Norwegian Division 1","Soccer","Norway Eliteserien","Norway Eliteserien","Soccer","Norway Eliteserien","Norway Eliteserien"
"Handball","EHF Euro Cup Women","EHF Euro Cup Women","Handball","EHF European Cup Women","Europe EHF Challenge Cup Women"
"Handball","EHF Euro Cup Women","EHF Euro Cup Women","Handball","EHF European Cup Women","Europe EHF Challenge Cup Women","Handball","EHF European Cup Women","Europe EHF Challenge Cup Women"
"Soccer","Norway Eliteserien","Norway Norwegian Eliteserien","Soccer","Norway Division 1","Norwegian Division 1"
"Soccer","Norway Eliteserien","Norwegian Eliteserien","Soccer","Norway Division 1","Norwegian Division 1"
"Basketball","Spain Liga FEB","Spain Liga FEB","Basketball","Spain LEB Oro","Spanish LEB Oro"
"Soccer","Sweden Ettan","Swedish Division 1","Soccer","Sweden Allsvenskan","Sweden Allsvenskan"
"Soccer","Norway Division 1","Norwegian Division 1","Soccer","Norway Eliteserien","Norwegian Eliteserien","Soccer","Norway Eliteserien","Norway Eliteserien"
"Soccer","Norway Division 1","Norwegian Division 1","Soccer","Norway Eliteserien","Norway Norwegian Eliteserien","Soccer","Norway Eliteserien","Norway Norwegian Eliteserien"
"Soccer","Norway Division 1","Norwegian Division 1","Soccer","Norway Eliteserien","Norway Norwegian Eliteserien","Soccer","Norway Eliteserien","Norway Eliteserien"
"Basketball","Spain LEB Oro","Spain Spanish LEB Oro","Basketball","Spain Liga FEB","Spain Liga FEB"
"Soccer","Norway Division 1","Norwegian Division 1","Soccer","Norway Eliteserien","Norwegian Eliteserien","Soccer","Norway Eliteserien","Norway Norwegian Eliteserien"
"Soccer","Norway Division 1","Norwegian Division 1","Soccer","Norway Eliteserien","Norwegian Eliteserien","Soccer","Norway Eliteserien","Norwegian Eliteserien"
"Soccer","Georgia Erovnuli Liga","Georgia Georgian Umaglesi Liga","Soccer","Georgia Erovnuli Liga 2","Georgia Erovnuli Liga"
